image,psnr_baseline,ssim_baseline,psnr_srcnn,ssim_srcnn
img_003,11.082997513933536,0.2464113000511359,11.53166611418833,0.8007689278774137
